{"dXExit": {"currentVal": 0.5, "weights": [3.2411754012114877e+68, 1.110507585301263e+68, 2.229187564592659e+68, 2.647022991750171e+68, 1.937898809762838e+68, 2.71879808403622e+68, 2.187305045281672e+68, 1.658409006501457e+68]}, "dYExit": {"currentVal": 0.05263157894736842, "weights": [1.8186498276086536e+68, 3.8990304884887385e+67, 6.733511399361822e+67, 2.0022322277466802e+68, 1.0005192507697778e+68, 9.614628927936581e+67, 4.814938363315793e+67, 1.6898573424283735e+67]}, "wallDown": {"currentVal": 0.125, "weights": [1.6059647982135186e+68, 8.993681616470373e+67, 1.9651427780633029e+68, 2.5701303284266725e+68, 2.4019516288881455e+68, 2.292549506901781e+68, 1.588458352688789e+68, 7.710666184058199e+67]}, "wallDownRight": {"currentVal": 0.3333333333333333, "weights": [1.9474413796893359e+68, 8.098621125367961e+67, 2.4049295694399948e+68, 2.8761840382118885e+68, 2.574438808110772e+68, 2.60775056312583e+68, 1.9546686777446277e+68, 7.46725292338416e+67]}, "wallRight": {"currentVal": 0.3333333333333333, "weights": [1.871374540716685e+68, 1.1452152571103593e+68, 1.626497157440899e+68, 1.9464235865591395e+68, 1.3344609647068134e+68, 1.8308538426197773e+68, 1.3374576683212418e+68, 1.1655029496338784e+68]}, "wallUpRight": {"currentVal": 0.5, "weights": [2.0904127674576493e+68, 5.57854816114403e+67, 1.7703707140356934e+68, 1.9459996650151615e+68, 1.6220041158407296e+68, 1.9191745016659165e+68, 1.5462793971689772e+68, 1.174081870971973e+68]}, "wallUp": {"currentVal": 0.5, "weights": [1.6065766090335341e+68, 5.549864837071162e+67, 1.3092987252860138e+68, 1.3462628014369484e+68, 1.1939852069215382e+68, 1.0586798160730193e+68, 1.043053158852281e+68